node_id,mvmt_id,offroad_link_id,phase_num,protection,mvmt_text_id
2,42,,4,Permissive,EBL
2,4,,4,Protected,EBT
2,41,,4,RTOR,EBR
2,82,,8,Permissive,WBL
2,8,,8,Protected,WBT
2,81,,8,RTOR,WBR
2,5,,5,Protected,NBL
2,2,,2,Protected,NBT
2,21,,2,RTOR,NBR
2,62,,6,Permissive,SBL
2,6,,6,Protected,SBT
2,61,,6,RTOR,SBR
3,42,,4,Permissive,EBL
3,4,,4,Protected,EBT
3,41,,4,RTOR,EBR
3,82,,8,Permissive,WBL
3,8,,8,Protected,WBT
3,81,,8,RTOR,WBR
3,5,,5,Protected,NBL
3,2,,2,Protected,NBT
3,21,,2,RTOR,NBR
3,1,,1,Protected,SBL
3,6,,6,Protected,SBT
3,61,,6,RTOR,SBR
5,42,,4,Permissive,EBL
5,4,,4,Protected,EBT
5,41,,4,RTOR,EBR
5,3,,3,Protected,WBL
5,8,,8,Protected,WBT
5,81,,8,RTOR,WBR
5,5,,5,Protected,NBL
5,2,,2,Protected,NBT
5,21,,2,RTOR,NBR
5,62,,6,Permissive,SBL
5,6,,6,Protected,SBT
5,61,,6,RTOR,SBR
6,4,,4,Permissive,EBL
6,4,,4,Protected,EBT
6,41,,4,RTOR,EBR
6,22,,2,Permissive,NBL
6,2,,2,Protected,NBT
6,21,,2,RTOR,NBR
6,62,,6,Permissive,SBL
6,6,,6,Protected,SBT
6,61,,6,RTOR,SBR
7,42,,4,Permissive,EBL
7,4,,4,Protected,EBT
7,41,,4,RTOR,EBR
7,82,,8,Permissive,WBL
7,8,,8,Protected,WBT
7,81,,8,RTOR,WBR
7,5,,5,Protected,NBL
7,2,,2,Protected,NBT
7,21,,2,RTOR,NBR
7,62,,6,Permissive,SBL
7,6,,6,Protected,SBT
7,61,,6,RTOR,SBR
8,5,,5,Protected,EBL
8,2,,2,Protected,EBT
8,21,,2,RTOR,EBR
8,1,,1,Protected,WBL
8,6,,6,Protected,WBT
8,61,,6,RTOR,WBR
8,3,,3,Protected,NBL
8,8,,8,Protected,NBT
8,81,,8,RTOR,NBR
8,7,,7,Protected,SBL
8,4,,4,Protected,SBT
8,41,,4,RTOR,SBR
9,5,,5,Protected,EBL
9,2,,2,Protected,EBT
9,21,,2,RTOR,EBR
9,1,,1,Protected/Permissive,WBL
9,6,,6,Protected,WBT
9,61,,6,RTOR,WBR
9,3,,3,Protected,NBL
9,8,,8,Protected,NBT
9,81,,8,RTOR,NBR
9,42,,4,Permissive,SBL
9,4,,4,Protected,SBT
9,41,,4,RTOR,SBR
10,7,,7,Protected,EBL
10,4,,4,Protected,EBT
10,41,,4,RTOR,EBR
10,3,,3,Protected,WBL
10,8,,8,Protected,WBT
10,81,,8,RTOR,WBR
10,5,,5,Protected,NBL
10,2,,2,Protected,NBT
10,21,,2,RTOR,NBR
10,1,,1,Protected,SBL
10,6,,6,Protected,SBT
10,61,,6,RTOR,SBR
11,42,,4,Permissive,EBL
11,4,,4,Protected,EBT
11,41,,4,RTOR,EBR
11,82,,8,Permissive,WBL
11,8,,8,Protected,WBT
11,81,,8,RTOR,WBR
11,5,,5,Protected,NBL
11,2,,2,Protected,NBT
11,21,,2,RTOR,NBR
11,62,,6,Permissive,SBL
11,6,,6,Protected,SBT
11,61,,6,RTOR,SBR
12,4,,4,Permissive,EBL
12,4,,4,Protected,EBT
12,41,,4,RTOR,EBR
12,5,,5,Protected,NBL
12,2,,2,Protected,NBT
12,21,,2,RTOR,NBR
12,62,,6,Protected/Permissive,SBL
12,6,,6,Protected,SBT
12,61,,6,RTOR,SBR
13,7,,7,Protected,EBL
13,4,,4,Protected,EBT
13,41,,4,RTOR,EBR
13,3,,3,Protected,WBL
13,8,,8,Protected,WBT
13,81,,8,RTOR,WBR
13,5,,5,Protected,NBL
13,2,,2,Protected,NBT
13,21,,2,RTOR,NBR
13,1,,1,Protected,SBL
13,6,,6,Protected,SBT
13,61,,6,RTOR,SBR
14,22,,2,Permissive,EBL
14,2,,2,Protected,EBT
14,21,,2,RTOR,EBR
14,62,,6,Permissive,WBL
14,6,,6,Protected,WBT
14,61,,6,RTOR,WBR
14,3,,3,Protected,NBL
14,8,,8,Protected,NBT
14,81,,8,RTOR,NBR
14,42,,4,Permissive,SBL
14,4,,4,Protected,SBT
14,41,,4,RTOR,SBR
16,42,,4,Permissive,EBL
16,4,,4,Protected,EBT
16,41,,4,RTOR,EBR
16,82,,8,Permissive,WBL
16,8,,8,Protected,WBT
16,81,,8,RTOR,WBR
16,5,,5,Protected,NBL
16,2,,2,Protected,NBT
16,21,,2,RTOR,NBR
16,1,,1,Protected,SBL
16,6,,6,Protected,SBT
16,61,,6,RTOR,SBR
17,7,,7,Protected,EBL
17,4,,4,Protected,EBT
17,41,,4,RTOR,EBR
17,3,,3,Protected,WBL
17,8,,8,Protected,WBT
17,81,,8,RTOR,WBR
17,5,,5,Protected,NBL
17,2,,2,Protected,NBT
17,21,,2,RTOR,NBR
17,1,,1,Protected,SBL
17,6,,6,Protected,SBT
17,61,,6,RTOR,SBR
18,7,,7,Protected,EBL
18,4,,4,Protected,EBT
18,41,,4,RTOR,EBR
18,3,,3,Protected,WBL
18,8,,8,Protected,WBT
18,81,,8,RTOR,WBR
18,5,,5,Protected,NBL
18,2,,2,Protected,NBT
18,21,,2,RTOR,NBR
18,1,,1,Protected/Permissive,SBL
18,6,,6,Protected,SBT
18,61,,6,RTOR,SBR
19,4,,4,Permissive,EBL
19,4,,4,Protected,EBT
19,41,,4,RTOR,EBR
19,5,,5,Protected,NBL
19,2,,2,Protected,NBT
19,21,,2,RTOR,NBR
19,62,,6,Protected/Permissive,SBL
19,6,,6,Protected,SBT
19,61,,6,RTOR,SBR
20,7,,7,Protected,EBL
20,4,,4,Protected,EBT
20,41,,4,RTOR,EBR
20,3,,3,Protected,WBL
20,8,,8,Protected,WBT
20,81,,8,RTOR,WBR
20,5,,5,Protected,NBL
20,2,,2,Protected,NBT
20,21,,2,RTOR,NBR
20,1,,1,Protected,SBL
20,6,,6,Protected,SBT
20,61,,6,RTOR,SBR
21,5,,5,Protected,EBL
21,2,,2,Protected,EBT
21,21,,2,RTOR,EBR
21,1,,1,Protected,WBL
21,6,,6,Protected,WBT
21,61,,6,RTOR,WBR
21,3,,3,Protected,NBL
21,8,,8,Protected,NBT
21,81,,8,RTOR,NBR
21,7,,7,Protected,SBL
21,4,,4,Protected,SBT
21,41,,4,RTOR,SBR
22,22,,2,Permissive,EBL
22,2,,2,Protected,EBT
22,21,,2,RTOR,EBR
22,62,,6,Permissive,WBL
22,6,,6,Protected,WBT
22,61,,6,RTOR,WBR
22,4,,4,Permissive,SBL
22,4,,4,Protected,SBT
22,41,,4,RTOR,SBR
23,42,,4,Permissive,EBL
23,4,,4,Protected,EBT
23,41,,4,RTOR,EBR
23,82,,8,Permissive,WBL
23,8,,8,Protected,WBT
23,81,,8,RTOR,WBR
23,5,,5,Protected,NBL
23,2,,2,Protected,NBT
23,21,,2,RTOR,NBR
23,62,,6,Permissive,SBL
23,6,,6,Protected,SBT
23,61,,6,RTOR,SBR
24,42,,4,Permissive,EBL
24,4,,4,Protected,EBT
24,41,,4,RTOR,EBR
24,82,,8,Permissive,WBL
24,8,,8,Protected,WBT
24,81,,8,RTOR,WBR
24,5,,5,Protected,NBL
24,2,,2,Protected,NBT
24,21,,2,RTOR,NBR
24,62,,6,Permissive,SBL
24,6,,6,Protected,SBT
24,61,,6,RTOR,SBR
25,22,,2,Permissive,EBL
25,2,,2,Protected,EBT
25,21,,2,RTOR,EBR
25,62,,6,Permissive,WBL
25,6,,6,Protected,WBT
25,61,,6,RTOR,WBR
25,3,,3,Protected,NBL
25,8,,8,Protected,NBT
25,81,,8,RTOR,NBR
25,42,,4,Permissive,SBL
25,4,,4,Protected,SBT
25,41,,4,RTOR,SBR
27,42,,4,Permissive,EBL
27,4,,4,Protected,EBT
27,41,,4,RTOR,EBR
27,82,,8,Permissive,WBL
27,8,,8,Protected,WBT
27,81,,8,RTOR,WBR
27,5,,5,Protected,NBL
27,2,,2,Protected,NBT
27,21,,2,RTOR,NBR
27,62,,6,Permissive,SBL
27,6,,6,Protected,SBT
27,61,,6,RTOR,SBR
28,4,,4,Permissive,EBL
28,4,,4,Protected,EBT
28,41,,4,RTOR,EBR
28,8,,8,Permissive,WBL
28,8,,8,Protected,WBT
28,81,,8,RTOR,WBR
28,5,,5,Protected,NBL
28,2,,2,Protected,NBT
28,21,,2,RTOR,NBR
28,62,,6,Permissive,SBL
28,6,,6,Protected,SBT
28,61,,6,RTOR,SBR
29,22,,2,Permissive,EBL
29,2,,2,Protected,EBT
29,21,,2,RTOR,EBR
29,62,,6,Permissive,WBL
29,6,,6,Protected,WBT
29,61,,6,RTOR,WBR
29,3,,3,Protected,NBL
29,8,,8,Protected,NBT
29,81,,8,RTOR,NBR
29,42,,4,Permissive,SBL
29,4,,4,Protected,SBT
29,41,,4,RTOR,SBR
30,42,,4,Permissive,EBL
30,4,,4,Protected,EBT
30,41,,4,RTOR,EBR
30,82,,8,Permissive,WBL
30,8,,8,Protected,WBT
30,81,,8,RTOR,WBR
30,5,,5,Protected,NBL
30,2,,2,Protected,NBT
30,21,,2,RTOR,NBR
30,62,,6,Permissive,SBL
30,6,,6,Protected,SBT
30,61,,6,RTOR,SBR
31,42,,4,Permissive,EBL
31,4,,4,Protected,EBT
31,41,,4,RTOR,EBR
31,82,,8,Permissive,WBL
31,8,,8,Protected,WBT
31,81,,8,RTOR,WBR
31,5,,5,Protected,NBL
31,2,,2,Protected,NBT
31,21,,2,RTOR,NBR
31,62,,6,Permissive,SBL
31,6,,6,Protected,SBT
31,61,,6,RTOR,SBR
33,42,,4,Permissive,EBL
33,4,,4,Protected,EBT
33,41,,4,RTOR,EBR
33,82,,8,Permissive,WBL
33,8,,8,Protected,WBT
33,81,,8,RTOR,WBR
33,5,,5,Protected,NBL
33,2,,2,Protected,NBT
33,21,,2,RTOR,NBR
33,1,,1,Protected/Permissive,SBL
33,6,,6,Protected,SBT
33,61,,6,RTOR,SBR
34,22,,2,Permissive,EBL
34,2,,2,Protected,EBT
34,21,,2,RTOR,EBR
34,62,,6,Permissive,WBL
34,6,,6,Protected,WBT
34,61,,6,RTOR,WBR
34,82,,8,Permissive,NBL
34,8,,8,Protected,NBT
34,81,,8,RTOR,NBR
34,42,,4,Permissive,SBL
34,4,,4,Protected,SBT
34,41,,4,RTOR,SBR
35,5,,5,Protected/Permissive,EBL
35,2,,2,Protected,EBT
35,21,,2,RTOR,EBR
35,1,,1,Protected/Permissive,WBL
35,6,,6,Protected,WBT
35,61,,6,RTOR,WBR
35,3,,3,Protected,NBL
35,8,,8,Protected,NBT
35,81,,8,RTOR,NBR
35,42,,4,Permissive,SBL
35,4,,4,Protected,SBT
35,41,,4,RTOR,SBR
36,42,,4,Permissive,EBL
36,4,,4,Protected,EBT
36,41,,4,RTOR,EBR
36,82,,8,Permissive,WBL
36,8,,8,Protected,WBT
36,81,,8,RTOR,WBR
36,5,,5,Protected,NBL
36,2,,2,Protected,NBT
36,21,,2,RTOR,NBR
36,1,,1,Protected,SBL
36,6,,6,Protected,SBT
36,61,,6,RTOR,SBR
37,22,,2,Permissive,EBL
37,2,,2,Protected,EBT
37,21,,2,RTOR,EBR
37,62,,6,Permissive,WBL
37,6,,6,Protected,WBT
37,61,,6,RTOR,WBR
37,3,,3,Protected,NBL
37,8,,8,Protected,NBT
37,81,,8,RTOR,NBR
37,42,,4,Permissive,SBL
37,4,,4,Protected,SBT
37,41,,4,RTOR,SBR
38,22,,2,Permissive,EBL
38,2,,2,Protected,EBT
38,21,,2,RTOR,EBR
38,62,,6,Permissive,WBL
38,6,,6,Protected,WBT
38,61,,6,RTOR,WBR
38,3,,3,Protected,NBL
38,8,,8,Protected,NBT
38,81,,8,RTOR,NBR
38,42,,4,Permissive,SBL
38,4,,4,Protected,SBT
38,41,,4,RTOR,SBR
39,22,,2,Permissive,EBL
39,2,,2,Protected,EBT
39,21,,2,RTOR,EBR
39,62,,6,Permissive,WBL
39,6,,6,Protected,WBT
39,61,,6,RTOR,WBR
39,82,,8,Permissive,NBL
39,8,,8,Protected,NBT
39,81,,8,RTOR,NBR
39,42,,4,Permissive,SBL
39,4,,4,Protected,SBT
39,41,,4,RTOR,SBR
40,22,,2,Permissive,EBL
40,2,,2,Protected,EBT
40,21,,2,RTOR,EBR
40,62,,6,Permissive,WBL
40,6,,6,Protected,WBT
40,61,,6,RTOR,WBR
40,82,,8,Permissive,NBL
40,8,,8,Protected,NBT
40,81,,8,RTOR,NBR
40,42,,4,Permissive,SBL
40,4,,4,Protected,SBT
40,41,,4,RTOR,SBR
41,5,,5,Protected/Permissive,EBL
41,2,,2,Protected,EBT
41,21,,2,RTOR,EBR
41,1,,1,Protected/Permissive,WBL
41,6,,6,Protected,WBT
41,61,,6,RTOR,WBR
41,82,,8,Permissive,NBL
41,8,,8,Protected,NBT
41,81,,8,RTOR,NBR
41,42,,4,Permissive,SBL
41,4,,4,Protected,SBT
41,41,,4,RTOR,SBR
42,8,,8,Permissive,WBL
42,8,,8,Protected,WBT
42,81,,8,RTOR,WBR
42,22,,2,Protected,NBL
42,2,,2,Protected,NBT
42,21,,2,RTOR,NBR
42,1,,1,Protected,SBL
42,6,,6,Protected,SBT
42,61,,6,RTOR,SBR
43,22,,2,Permissive,EBL
43,2,,2,Protected,EBT
43,21,,2,RTOR,EBR
43,62,,6,Permissive,WBL
43,6,,6,Protected,WBT
43,61,,6,RTOR,WBR
43,3,,3,Protected,NBL
43,8,,8,Protected,NBT
43,81,,8,RTOR,NBR
43,7,,7,Protected,SBL
43,4,,4,Protected,SBT
43,41,,4,RTOR,SBR
44,22,,2,Permissive,EBL
44,2,,2,Protected,EBT
44,21,,2,RTOR,EBR
44,62,,6,Permissive,WBL
44,6,,6,Protected,WBT
44,61,,6,RTOR,WBR
44,82,,8,Permissive,NBL
44,8,,8,Protected,NBT
44,81,,8,RTOR,NBR
44,42,,4,Permissive,SBL
44,4,,4,Protected,SBT
44,41,,4,RTOR,SBR
45,22,,2,Permissive,EBL
45,2,,2,Protected,EBT
45,21,,2,RTOR,EBR
45,62,,6,Permissive,WBL
45,6,,6,Protected,WBT
45,61,,6,RTOR,WBR
45,82,,8,Permissive,NBL
45,8,,8,Protected,NBT
45,81,,8,RTOR,NBR
45,42,,4,Permissive,SBL
45,4,,4,Protected,SBT
45,41,,4,RTOR,SBR
46,22,,2,Permissive,EBL
46,2,,2,Protected,EBT
46,21,,2,RTOR,EBR
46,62,,6,Permissive,WBL
46,6,,6,Protected,WBT
46,61,,6,RTOR,WBR
46,4,,4,Permissive,SBL
46,4,,4,Protected,SBT
46,41,,4,RTOR,SBR
47,42,,4,Permissive,EBL
47,4,,4,Protected,EBT
47,41,,4,RTOR,EBR
47,82,,8,Permissive,WBL
47,8,,8,Protected,WBT
47,81,,8,RTOR,WBR
47,2,,2,Permissive,NBL
47,2,,2,Protected,NBT
47,21,,2,RTOR,NBR
47,6,,6,Permissive,SBL
47,6,,6,Protected,SBT
47,61,,6,RTOR,SBR
49,42,,4,Permissive,EBL
49,4,,4,Protected,EBT
49,41,,4,RTOR,EBR
49,82,,8,Permissive,WBL
49,8,,8,Protected,WBT
49,81,,8,RTOR,WBR
49,5,,5,Protected,NBL
49,2,,2,Protected,NBT
49,21,,2,RTOR,NBR
49,1,,1,Protected,SBL
49,6,,6,Protected,SBT
49,61,,6,RTOR,SBR
50,22,,2,Permissive,EBL
50,2,,2,Protected,EBT
50,21,,2,RTOR,EBR
50,62,,6,Permissive,WBL
50,6,,6,Protected,WBT
50,61,,6,RTOR,WBR
50,3,,3,Protected,NBL
50,8,,8,Protected,NBT
50,81,,8,RTOR,NBR
50,42,,4,Permissive,SBL
50,4,,4,Protected,SBT
50,41,,4,RTOR,SBR
51,7,,7,Protected,EBL
51,4,,4,Protected,EBT
51,41,,4,RTOR,EBR
51,3,,3,Protected,WBL
51,8,,8,Protected,WBT
51,81,,8,RTOR,WBR
51,5,,5,Protected,NBL
51,2,,2,Protected,NBT
51,21,,2,RTOR,NBR
51,1,,1,Protected,SBL
51,6,,6,Protected,SBT
51,61,,6,RTOR,SBR
52,42,,4,Permissive,EBL
52,4,,4,Protected,EBT
52,41,,4,RTOR,EBR
52,82,,8,Permissive,WBL
52,8,,8,Protected,WBT
52,81,,8,RTOR,WBR
52,2,,2,Permissive,NBL
52,2,,2,Protected,NBT
52,21,,2,RTOR,NBR
52,6,,6,Permissive,SBL
52,6,,6,Protected,SBT
52,61,,6,RTOR,SBR
53,22,,2,Permissive,EBL
53,2,,2,Protected,EBT
53,21,,2,RTOR,EBR
53,62,,6,Permissive,WBL
53,6,,6,Protected,WBT
53,61,,6,RTOR,WBR
53,3,,3,Protected,NBL
53,8,,8,Protected,NBT
53,81,,8,RTOR,NBR
53,42,,4,Permissive,SBL
53,4,,4,Protected,SBT
53,41,,4,RTOR,SBR
54,42,,4,Permissive,EBL
54,4,,4,Protected,EBT
54,41,,4,RTOR,EBR
54,82,,8,Permissive,WBL
54,8,,8,Protected,WBT
54,81,,8,RTOR,WBR
54,2,,2,Permissive,NBL
54,2,,2,Protected,NBT
54,21,,2,RTOR,NBR
54,6,,6,Permissive,SBL
54,6,,6,Protected,SBT
54,61,,6,RTOR,SBR
55,22,,2,Permissive,EBL
55,2,,2,Protected,EBT
55,21,,2,RTOR,EBR
55,62,,6,Permissive,WBL
55,6,,6,Protected,WBT
55,61,,6,RTOR,WBR
55,4,,4,Permissive,SBL
55,4,,4,Protected,SBT
55,41,,4,RTOR,SBR
56,5,,5,Protected/Permissive,EBL
56,2,,2,Protected,EBT
56,21,,2,RTOR,EBR
56,62,,6,Protected/Permissive,WBL
56,6,,6,Protected,WBT
56,61,,6,RTOR,WBR
56,4,,4,Permissive,SBL
56,4,,4,Protected,SBT
56,41,,4,RTOR,SBR
57,22,,2,Permissive,EBL
57,2,,2,Protected,EBT
57,21,,2,RTOR,EBR
57,62,,6,Permissive,WBL
57,6,,6,Protected,WBT
57,61,,6,RTOR,WBR
57,3,,3,Protected,NBL
57,8,,8,Protected,NBT
57,81,,8,RTOR,NBR
57,42,,4,Permissive,SBL
57,4,,4,Protected,SBT
57,41,,4,RTOR,SBR
58,7,,7,Protected,EBL
58,4,,4,Protected,EBT
58,41,,4,RTOR,EBR
58,82,,8,Permissive,WBL
58,8,,8,Protected,WBT
58,81,,8,RTOR,WBR
58,5,,5,Protected,NBL
58,2,,2,Protected,NBT
58,21,,2,RTOR,NBR
58,62,,6,Permissive,SBL
58,6,,6,Protected,SBT
58,61,,6,RTOR,SBR
59,7,,7,Protected,EBL
59,4,,4,Protected,EBT
59,41,,4,RTOR,EBR
59,82,,8,Permissive,WBL
59,8,,8,Protected,WBT
59,81,,8,RTOR,WBR
59,5,,5,Protected,NBL
59,2,,2,Protected,NBT
59,21,,2,RTOR,NBR
59,62,,6,Permissive,SBL
59,6,,6,Protected,SBT
59,61,,6,RTOR,SBR
60,42,,4,Permissive,EBL
60,4,,4,Protected,EBT
60,41,,4,RTOR,EBR
60,82,,8,Permissive,WBL
60,8,,8,Protected,WBT
60,81,,8,RTOR,WBR
60,5,,5,Protected,NBL
60,2,,2,Protected,NBT
60,21,,2,RTOR,NBR
60,62,,6,Permissive,SBL
60,6,,6,Protected,SBT
60,61,,6,RTOR,SBR
61,22,,2,Permissive,EBL
61,2,,2,Protected,EBT
61,21,,2,RTOR,EBR
61,62,,6,Permissive,WBL
61,6,,6,Protected,WBT
61,61,,6,RTOR,WBR
61,3,,3,Protected,NBL
61,8,,8,Protected,NBT
61,81,,8,RTOR,NBR
61,42,,4,Permissive,SBL
61,4,,4,Protected,SBT
61,41,,4,RTOR,SBR
62,22,,2,Permissive,EBL
62,2,,2,Protected,EBT
62,21,,2,RTOR,EBR
62,62,,6,Permissive,WBL
62,6,,6,Protected,WBT
62,61,,6,RTOR,WBR
62,3,,3,Protected,NBL
62,8,,8,Protected,NBT
62,81,,8,RTOR,NBR
62,42,,4,Permissive,SBL
62,4,,4,Protected,SBT
62,41,,4,RTOR,SBR
63,4,,4,Permissive,EBL
63,4,,4,Protected,EBT
63,41,,4,RTOR,EBR
63,5,,5,Protected,NBL
63,2,,2,Protected,NBT
63,21,,2,RTOR,NBR
63,62,,6,Protected/Permissive,SBL
63,6,,6,Protected,SBT
63,61,,6,RTOR,SBR
64,42,,4,Permissive,EBL
64,4,,4,Protected,EBT
64,41,,4,RTOR,EBR
64,82,,8,Permissive,WBL
64,8,,8,Protected,WBT
64,81,,8,RTOR,WBR
64,5,,5,Protected,NBL
64,2,,2,Protected,NBT
64,21,,2,RTOR,NBR
64,1,,1,Protected/Permissive,SBL
64,6,,6,Protected,SBT
64,61,,6,RTOR,SBR
65,4,,4,Permissive,EBL
65,4,,4,Protected,EBT
65,41,,4,RTOR,EBR
65,8,,8,Permissive,WBL
65,8,,8,Protected,WBT
65,81,,8,RTOR,WBR
65,2,,2,Permissive,NBL
65,2,,2,Protected,NBT
65,21,,2,RTOR,NBR
65,62,,6,Permissive,SBL
65,6,,6,Protected,SBT
65,61,,6,RTOR,SBR
66,42,,4,Permissive,EBL
66,4,,4,Protected,EBT
66,41,,4,RTOR,EBR
66,82,,8,Permissive,WBL
66,8,,8,Protected,WBT
66,81,,8,RTOR,WBR
66,5,,5,Protected,NBL
66,2,,2,Protected,NBT
66,21,,2,RTOR,NBR
66,62,,6,Permissive,SBL
66,6,,6,Protected,SBT
66,61,,6,RTOR,SBR
67,42,,4,Permissive,EBL
67,4,,4,Protected,EBT
67,41,,4,RTOR,EBR
67,82,,8,Permissive,WBL
67,8,,8,Protected,WBT
67,81,,8,RTOR,WBR
67,5,,5,Protected,NBL
67,2,,2,Protected,NBT
67,21,,2,RTOR,NBR
67,62,,6,Permissive,SBL
67,6,,6,Protected,SBT
67,61,,6,RTOR,SBR
68,42,,4,Permissive,EBL
68,4,,4,Protected,EBT
68,41,,4,RTOR,EBR
68,82,,8,Permissive,WBL
68,8,,8,Protected,WBT
68,81,,8,RTOR,WBR
68,5,,5,Protected,NBL
68,2,,2,Protected,NBT
68,21,,2,RTOR,NBR
68,1,,1,Protected/Permissive,SBL
68,6,,6,Protected,SBT
68,61,,6,RTOR,SBR
69,8,,8,Permissive,WBL
69,8,,8,Protected,WBT
69,81,,8,RTOR,WBR
69,22,,2,Protected,NBL
69,2,,2,Protected,NBT
69,21,,2,RTOR,NBR
69,62,,6,Permissive,SBL
69,6,,6,Protected,SBT
69,61,,6,RTOR,SBR
70,42,,4,Permissive,EBL
70,4,,4,Protected,EBT
70,41,,4,RTOR,EBR
70,82,,8,Permissive,WBL
70,8,,8,Protected,WBT
70,81,,8,RTOR,WBR
70,5,,5,Protected,NBL
70,2,,2,Protected,NBT
70,21,,2,RTOR,NBR
70,62,,6,Permissive,SBL
70,6,,6,Protected,SBT
70,61,,6,RTOR,SBR
71,42,,4,Permissive,EBL
71,4,,4,Protected,EBT
71,41,,4,RTOR,EBR
71,82,,8,Permissive,WBL
71,8,,8,Protected,WBT
71,81,,8,RTOR,WBR
71,5,,5,Protected,NBL
71,2,,2,Protected,NBT
71,21,,2,RTOR,NBR
71,62,,6,Permissive,SBL
71,6,,6,Protected,SBT
71,61,,6,RTOR,SBR
72,4,,4,Permissive,EBL
72,4,,4,Protected,EBT
72,41,,4,RTOR,EBR
72,8,,8,Permissive,WBL
72,8,,8,Protected,WBT
72,81,,8,RTOR,WBR
72,5,,5,Protected,NBL
72,2,,2,Protected,NBT
72,21,,2,RTOR,NBR
72,62,,6,Permissive,SBL
72,6,,6,Protected,SBT
72,61,,6,RTOR,SBR
73,42,,4,Permissive,EBL
73,4,,4,Protected,EBT
73,41,,4,RTOR,EBR
73,82,,8,Permissive,WBL
73,8,,8,Protected,WBT
73,81,,8,RTOR,WBR
73,22,,2,Protected,NBL
73,2,,2,Protected,NBT
73,21,,2,RTOR,NBR
73,62,,6,Permissive,SBL
73,6,,6,Protected,SBT
73,61,,6,RTOR,SBR
74,22,,2,Permissive,EBL
74,2,,2,Protected,EBT
74,21,,2,RTOR,EBR
74,62,,6,Permissive,WBL
74,6,,6,Protected,WBT
74,61,,6,RTOR,WBR
74,3,,3,Protected,NBL
74,8,,8,Protected,NBT
74,81,,8,RTOR,NBR
74,42,,4,Permissive,SBL
74,4,,4,Protected,SBT
74,41,,4,RTOR,SBR
75,22,,2,Permissive,EBL
75,2,,2,Protected,EBT
75,21,,2,RTOR,EBR
75,62,,6,Permissive,WBL
75,6,,6,Protected,WBT
75,61,,6,RTOR,WBR
75,82,,8,Permissive,NBL
75,8,,8,Protected,NBT
75,81,,8,RTOR,NBR
75,42,,4,Permissive,SBL
75,4,,4,Protected,SBT
75,41,,4,RTOR,SBR
76,42,,4,Permissive,EBL
76,4,,4,Protected,EBT
76,41,,4,RTOR,EBR
76,82,,8,Permissive,WBL
76,8,,8,Protected,WBT
76,81,,8,RTOR,WBR
76,5,,5,Protected,NBL
76,2,,2,Protected,NBT
76,21,,2,RTOR,NBR
76,1,,1,Protected,SBL
76,6,,6,Protected,SBT
76,61,,6,RTOR,SBR
80,5,,5,Protected/Permissive,EBL
80,2,,2,Protected,EBT
80,21,,2,RTOR,EBR
80,62,,6,Protected/Permissive,WBL
80,6,,6,Protected,WBT
80,61,,6,RTOR,WBR
80,3,,3,Protected,NBL
80,8,,8,Protected,NBT
80,81,,8,RTOR,NBR
80,42,,4,Permissive,SBL
80,4,,4,Protected,SBT
80,41,,4,RTOR,SBR
82,42,,4,Permissive,EBL
82,4,,4,Protected,EBT
82,41,,4,RTOR,EBR
82,82,,8,Permissive,WBL
82,8,,8,Protected,WBT
82,81,,8,RTOR,WBR
82,5,,5,Protected,NBL
82,2,,2,Protected,NBT
82,21,,2,RTOR,NBR
82,62,,6,Permissive,SBL
82,6,,6,Protected,SBT
82,61,,6,RTOR,SBR
83,7,,7,Protected,EBL
83,4,,4,Protected,EBT
83,41,,4,RTOR,EBR
83,3,,3,Protected,WBL
83,8,,8,Protected,WBT
83,81,,8,RTOR,WBR
83,5,,5,Protected,NBL
83,2,,2,Protected,NBT
83,21,,2,RTOR,NBR
83,1,,1,Protected,SBL
83,6,,6,Protected,SBT
83,61,,6,RTOR,SBR
84,4,,4,Permissive,EBL
84,4,,4,Protected,EBT
84,41,,4,RTOR,EBR
84,22,,2,Protected,NBL
84,2,,2,Protected,NBT
84,21,,2,RTOR,NBR
84,62,,6,Permissive,SBL
84,6,,6,Protected,SBT
84,61,,6,RTOR,SBR
85,22,,2,Permissive,EBL
85,2,,2,Protected,EBT
85,21,,2,RTOR,EBR
85,62,,6,Permissive,WBL
85,6,,6,Protected,WBT
85,61,,6,RTOR,WBR
85,3,,3,Protected,NBL
85,8,,8,Protected,NBT
85,81,,8,RTOR,NBR
85,42,,4,Permissive,SBL
85,4,,4,Protected,SBT
85,41,,4,RTOR,SBR
86,5,,5,Protected/Permissive,EBL
86,2,,2,Protected,EBT
86,21,,2,RTOR,EBR
86,1,,1,Protected/Permissive,WBL
86,6,,6,Protected,WBT
86,61,,6,RTOR,WBR
86,3,,3,Protected,NBL
86,8,,8,Protected,NBT
86,81,,8,RTOR,NBR
86,7,,7,Protected,SBL
86,4,,4,Protected,SBT
86,41,,4,RTOR,SBR
87,22,,2,Permissive,EBL
87,2,,2,Protected,EBT
87,21,,2,RTOR,EBR
87,62,,6,Permissive,WBL
87,6,,6,Protected,WBT
87,61,,6,RTOR,WBR
87,82,,8,Permissive,NBL
87,8,,8,Protected,NBT
87,81,,8,RTOR,NBR
87,42,,4,Permissive,SBL
87,4,,4,Protected,SBT
87,41,,4,RTOR,SBR
88,22,,2,Permissive,EBL
88,2,,2,Protected,EBT
88,21,,2,RTOR,EBR
88,62,,6,Permissive,WBL
88,6,,6,Protected,WBT
88,61,,6,RTOR,WBR
88,3,,3,Protected,NBL
88,8,,8,Protected,NBT
88,81,,8,RTOR,NBR
88,42,,4,Permissive,SBL
88,4,,4,Protected,SBT
88,41,,4,RTOR,SBR
89,5,,5,Protected/Permissive,EBL
89,2,,2,Protected,EBT
89,21,,2,RTOR,EBR
89,1,,1,Protected/Permissive,WBL
89,6,,6,Protected,WBT
89,61,,6,RTOR,WBR
89,3,,3,Protected,NBL
89,8,,8,Protected,NBT
89,81,,8,RTOR,NBR
89,42,,4,Permissive,SBL
89,4,,4,Protected,SBT
89,41,,4,RTOR,SBR
90,5,,5,Protected,EBL
90,2,,2,Protected,EBT
90,21,,2,RTOR,EBR
90,1,,1,Protected,WBL
90,6,,6,Protected,WBT
90,61,,6,RTOR,WBR
90,8,,8,Permissive,NBL
90,8,,8,Protected,NBT
90,81,,8,RTOR,NBR
90,4,,4,Permissive,SBL
90,4,,4,Protected,SBT
90,41,,4,RTOR,SBR
91,5,,5,Protected/Permissive,EBL
91,2,,2,Protected,EBT
91,21,,2,RTOR,EBR
91,1,,1,Protected/Permissive,WBL
91,6,,6,Protected,WBT
91,61,,6,RTOR,WBR
91,3,,3,Protected,NBL
91,8,,8,Protected,NBT
91,81,,8,RTOR,NBR
91,42,,4,Permissive,SBL
91,4,,4,Protected,SBT
91,41,,4,RTOR,SBR
92,22,,2,Permissive,EBL
92,2,,2,Protected,EBT
92,21,,2,RTOR,EBR
92,62,,6,Permissive,WBL
92,6,,6,Protected,WBT
92,61,,6,RTOR,WBR
92,3,,3,Protected,NBL
92,8,,8,Protected,NBT
92,81,,8,RTOR,NBR
92,42,,4,Permissive,SBL
92,4,,4,Protected,SBT
92,41,,4,RTOR,SBR
93,8,,8,Permissive,WBL
93,8,,8,Protected,WBT
93,81,,8,RTOR,WBR
93,22,,2,Protected,NBL
93,2,,2,Protected,NBT
93,21,,2,RTOR,NBR
93,62,,6,Permissive,SBL
93,6,,6,Protected,SBT
93,61,,6,RTOR,SBR
94,7,,7,Protected/Permissive,EBL
94,4,,4,Protected,EBT
94,41,,4,RTOR,EBR
94,3,,3,Protected/Permissive,WBL
94,8,,8,Protected,WBT
94,81,,8,RTOR,WBR
94,5,,5,Protected,NBL
94,2,,2,Protected,NBT
94,21,,2,RTOR,NBR
94,1,,1,Protected,SBL
94,6,,6,Protected,SBT
94,61,,6,RTOR,SBR
95,42,,4,Permissive,EBL
95,4,,4,Protected,EBT
95,41,,4,RTOR,EBR
95,82,,8,Permissive,WBL
95,8,,8,Protected,WBT
95,81,,8,RTOR,WBR
95,2,,2,Permissive,NBL
95,2,,2,Protected,NBT
95,21,,2,RTOR,NBR
95,6,,6,Permissive,SBL
95,6,,6,Protected,SBT
95,61,,6,RTOR,SBR
96,22,,2,Permissive,EBL
96,2,,2,Protected,EBT
96,21,,2,RTOR,EBR
96,62,,6,Permissive,WBL
96,6,,6,Protected,WBT
96,61,,6,RTOR,WBR
96,82,,8,Permissive,NBL
96,8,,8,Protected,NBT
96,81,,8,RTOR,NBR
96,42,,4,Permissive,SBL
96,4,,4,Protected,SBT
96,41,,4,RTOR,SBR
97,22,,2,Permissive,EBL
97,2,,2,Protected,EBT
97,21,,2,RTOR,EBR
97,62,,6,Permissive,WBL
97,6,,6,Protected,WBT
97,61,,6,RTOR,WBR
97,82,,8,Permissive,NBL
97,8,,8,Protected,NBT
97,81,,8,RTOR,NBR
97,42,,4,Permissive,SBL
97,4,,4,Protected,SBT
97,41,,4,RTOR,SBR
99,5,,5,Protected,EBL
99,2,,2,Protected,EBT
99,21,,2,RTOR,EBR
99,1,,1,Protected,WBL
99,6,,6,Protected,WBT
99,61,,6,RTOR,WBR
99,3,,3,Protected,NBL
99,8,,8,Protected,NBT
99,81,,8,RTOR,NBR
99,7,,7,Protected,SBL
99,4,,4,Protected,SBT
99,41,,4,RTOR,SBR
101,42,,4,Permissive,EBL
101,4,,4,Protected,EBT
101,41,,4,RTOR,EBR
101,82,,8,Permissive,WBL
101,8,,8,Protected,WBT
101,81,,8,RTOR,WBR
101,5,,5,Protected,NBL
101,2,,2,Protected,NBT
101,21,,2,RTOR,NBR
101,62,,6,Permissive,SBL
101,6,,6,Protected,SBT
101,61,,6,RTOR,SBR
102,5,,5,Protected/Permissive,EBL
102,2,,2,Protected,EBT
102,21,,2,RTOR,EBR
102,1,,1,Protected/Permissive,WBL
102,6,,6,Protected,WBT
102,61,,6,RTOR,WBR
102,82,,8,Permissive,NBL
102,8,,8,Protected,NBT
102,81,,8,RTOR,NBR
102,42,,4,Permissive,SBL
102,4,,4,Protected,SBT
102,41,,4,RTOR,SBR
103,22,,2,Permissive,EBL
103,2,,2,Protected,EBT
103,21,,2,RTOR,EBR
103,62,,6,Permissive,WBL
103,6,,6,Protected,WBT
103,61,,6,RTOR,WBR
103,4,,4,Permissive,SBL
103,4,,4,Protected,SBT
103,41,,4,RTOR,SBR
104,42,,4,Permissive,EBL
104,4,,4,Protected,EBT
104,41,,4,RTOR,EBR
104,82,,8,Permissive,WBL
104,8,,8,Protected,WBT
104,81,,8,RTOR,WBR
104,5,,5,Protected,NBL
104,2,,2,Protected,NBT
104,21,,2,RTOR,NBR
104,62,,6,Permissive,SBL
104,6,,6,Protected,SBT
104,61,,6,RTOR,SBR
105,42,,4,Permissive,EBL
105,4,,4,Protected,EBT
105,41,,4,RTOR,EBR
105,82,,8,Permissive,WBL
105,8,,8,Protected,WBT
105,81,,8,RTOR,WBR
105,5,,5,Protected,NBL
105,2,,2,Protected,NBT
105,21,,2,RTOR,NBR
105,1,,1,Protected/Permissive,SBL
105,6,,6,Protected,SBT
105,61,,6,RTOR,SBR
106,42,,4,Permissive,EBL
106,4,,4,Protected,EBT
106,41,,4,RTOR,EBR
106,82,,8,Permissive,WBL
106,8,,8,Protected,WBT
106,81,,8,RTOR,WBR
106,5,,5,Protected,NBL
106,2,,2,Protected,NBT
106,21,,2,RTOR,NBR
106,62,,6,Permissive,SBL
106,6,,6,Protected,SBT
106,61,,6,RTOR,SBR
107,42,,4,Permissive,EBL
107,4,,4,Protected,EBT
107,41,,4,RTOR,EBR
107,82,,8,Permissive,WBL
107,8,,8,Protected,WBT
107,81,,8,RTOR,WBR
107,5,,5,Protected,NBL
107,2,,2,Protected,NBT
107,21,,2,RTOR,NBR
107,62,,6,Permissive,SBL
107,6,,6,Protected,SBT
107,61,,6,RTOR,SBR
108,42,,4,Permissive,EBL
108,4,,4,Protected,EBT
108,41,,4,RTOR,EBR
108,82,,8,Permissive,WBL
108,8,,8,Protected,WBT
108,81,,8,RTOR,WBR
108,5,,5,Protected,NBL
108,2,,2,Protected,NBT
108,21,,2,RTOR,NBR
108,62,,6,Permissive,SBL
108,6,,6,Protected,SBT
108,61,,6,RTOR,SBR
109,42,,4,Permissive,EBL
109,4,,4,Protected,EBT
109,41,,4,RTOR,EBR
109,82,,8,Permissive,WBL
109,8,,8,Protected,WBT
109,81,,8,RTOR,WBR
109,5,,5,Protected,NBL
109,2,,2,Protected,NBT
109,21,,2,RTOR,NBR
109,1,,1,Protected/Permissive,SBL
109,6,,6,Protected,SBT
109,61,,6,RTOR,SBR
110,42,,4,Permissive,EBL
110,4,,4,Protected,EBT
110,41,,4,RTOR,EBR
110,82,,8,Permissive,WBL
110,8,,8,Protected,WBT
110,81,,8,RTOR,WBR
110,5,,5,Protected,NBL
110,2,,2,Protected,NBT
110,21,,2,RTOR,NBR
110,62,,6,Permissive,SBL
110,6,,6,Protected,SBT
110,61,,6,RTOR,SBR
111,42,,4,Permissive,EBL
111,4,,4,Protected,EBT
111,41,,4,RTOR,EBR
111,82,,8,Permissive,WBL
111,8,,8,Protected,WBT
111,81,,8,RTOR,WBR
111,5,,5,Protected,NBL
111,2,,2,Protected,NBT
111,21,,2,RTOR,NBR
111,62,,6,Permissive,SBL
111,6,,6,Protected,SBT
111,61,,6,RTOR,SBR
113,42,,4,Permissive,EBL
113,4,,4,Protected,EBT
113,41,,4,RTOR,EBR
113,82,,8,Permissive,WBL
113,8,,8,Protected,WBT
113,81,,8,RTOR,WBR
113,5,,5,Protected,NBL
113,2,,2,Protected,NBT
113,21,,2,RTOR,NBR
113,62,,6,Permissive,SBL
113,6,,6,Protected,SBT
113,61,,6,RTOR,SBR
114,42,,4,Permissive,EBL
114,4,,4,Protected,EBT
114,41,,4,RTOR,EBR
114,82,,8,Permissive,WBL
114,8,,8,Protected,WBT
114,81,,8,RTOR,WBR
114,5,,5,Protected,NBL
114,2,,2,Protected,NBT
114,21,,2,RTOR,NBR
114,62,,6,Permissive,SBL
114,6,,6,Protected,SBT
114,61,,6,RTOR,SBR
115,42,,4,Permissive,EBL
115,4,,4,Protected,EBT
115,41,,4,RTOR,EBR
115,82,,8,Permissive,WBL
115,8,,8,Protected,WBT
115,81,,8,RTOR,WBR
115,5,,5,Protected,NBL
115,2,,2,Protected,NBT
115,21,,2,RTOR,NBR
115,62,,6,Permissive,SBL
115,6,,6,Protected,SBT
115,61,,6,RTOR,SBR
116,8,,8,Permissive,WBL
116,8,,8,Protected,WBT
116,81,,8,RTOR,WBR
116,22,,2,Protected,NBL
116,2,,2,Protected,NBT
116,21,,2,RTOR,NBR
116,62,,6,Permissive,SBL
116,6,,6,Protected,SBT
116,61,,6,RTOR,SBR
117,42,,4,Permissive,EBL
117,4,,4,Protected,EBT
117,41,,4,RTOR,EBR
117,82,,8,Permissive,WBL
117,8,,8,Protected,WBT
117,81,,8,RTOR,WBR
117,5,,5,Protected,NBL
117,2,,2,Protected,NBT
117,21,,2,RTOR,NBR
117,62,,6,Permissive,SBL
117,6,,6,Protected,SBT
117,61,,6,RTOR,SBR
118,7,,7,Protected/Permissive,EBL
118,4,,4,Protected,EBT
118,41,,4,RTOR,EBR
118,3,,3,Protected/Permissive,WBL
118,8,,8,Protected,WBT
118,81,,8,RTOR,WBR
118,5,,5,Protected,NBL
118,2,,2,Protected,NBT
118,21,,2,RTOR,NBR
118,1,,1,Protected/Permissive,SBL
118,6,,6,Protected,SBT
118,61,,6,RTOR,SBR
119,42,,4,Permissive,EBL
119,4,,4,Protected,EBT
119,41,,4,RTOR,EBR
119,82,,8,Permissive,WBL
119,8,,8,Protected,WBT
119,81,,8,RTOR,WBR
119,22,,2,Protected,NBL
119,2,,2,Protected,NBT
119,21,,2,RTOR,NBR
119,62,,6,Permissive,SBL
119,6,,6,Protected,SBT
119,61,,6,RTOR,SBR
120,5,,5,Protected,EBL
120,2,,2,Protected,EBT
120,21,,2,RTOR,EBR
120,1,,1,Protected,WBL
120,6,,6,Protected,WBT
120,61,,6,RTOR,WBR
120,3,,3,Protected,NBL
120,8,,8,Protected,NBT
120,81,,8,RTOR,NBR
120,7,,7,Protected,SBL
120,4,,4,Protected,SBT
120,41,,4,RTOR,SBR
121,5,,5,Protected/Permissive,EBL
121,2,,2,Protected,EBT
121,21,,2,RTOR,EBR
121,1,,1,Protected/Permissive,WBL
121,6,,6,Protected,WBT
121,61,,6,RTOR,WBR
121,3,,3,Protected,NBL
121,8,,8,Protected,NBT
121,81,,8,RTOR,NBR
121,42,,4,Permissive,SBL
121,4,,4,Protected,SBT
121,41,,4,RTOR,SBR
122,22,,2,Permissive,EBL
122,2,,2,Protected,EBT
122,21,,2,RTOR,EBR
122,62,,6,Permissive,WBL
122,6,,6,Protected,WBT
122,61,,6,RTOR,WBR
122,3,,3,Protected,NBL
122,8,,8,Protected,NBT
122,81,,8,RTOR,NBR
122,42,,4,Permissive,SBL
122,4,,4,Protected,SBT
122,41,,4,RTOR,SBR
123,22,,2,Permissive,EBL
123,2,,2,Protected,EBT
123,21,,2,RTOR,EBR
123,62,,6,Permissive,WBL
123,6,,6,Protected,WBT
123,61,,6,RTOR,WBR
123,8,,8,Permissive,NBL
123,8,,8,Protected,NBT
123,81,,8,RTOR,NBR
124,5,,5,Protected/Permissive,EBL
124,2,,2,Protected,EBT
124,21,,2,RTOR,EBR
124,1,,1,Protected/Permissive,WBL
124,6,,6,Protected,WBT
124,61,,6,RTOR,WBR
124,3,,3,Protected,NBL
124,8,,8,Protected,NBT
124,81,,8,RTOR,NBR
124,7,,7,Protected,SBL
124,4,,4,Protected,SBT
124,41,,4,RTOR,SBR
125,5,,5,Protected/Permissive,EBL
125,2,,2,Protected,EBT
125,21,,2,RTOR,EBR
125,1,,1,Protected/Permissive,WBL
125,6,,6,Protected,WBT
125,61,,6,RTOR,WBR
125,3,,3,Protected,NBL
125,8,,8,Protected,NBT
125,81,,8,RTOR,NBR
125,42,,4,Permissive,SBL
125,4,,4,Protected,SBT
125,41,,4,RTOR,SBR
126,42,,4,Permissive,EBL
126,4,,4,Protected,EBT
126,41,,4,RTOR,EBR
126,82,,8,Permissive,WBL
126,8,,8,Protected,WBT
126,81,,8,RTOR,WBR
126,5,,5,Protected,NBL
126,2,,2,Protected,NBT
126,21,,2,RTOR,NBR
126,62,,6,Permissive,SBL
126,6,,6,Protected,SBT
126,61,,6,RTOR,SBR
127,7,,7,Protected/Permissive,EBL
127,4,,4,Protected,EBT
127,41,,4,RTOR,EBR
127,3,,3,Protected/Permissive,WBL
127,8,,8,Protected,WBT
127,81,,8,RTOR,WBR
127,5,,5,Protected,NBL
127,2,,2,Protected,NBT
127,21,,2,RTOR,NBR
127,1,,1,Protected,SBL
127,6,,6,Protected,SBT
127,61,,6,RTOR,SBR
128,22,,2,Permissive,EBL
128,2,,2,Protected,EBT
128,21,,2,RTOR,EBR
128,62,,6,Permissive,WBL
128,6,,6,Protected,WBT
128,61,,6,RTOR,WBR
128,82,,8,Permissive,NBL
128,8,,8,Protected,NBT
128,81,,8,RTOR,NBR
128,42,,4,Permissive,SBL
128,4,,4,Protected,SBT
128,41,,4,RTOR,SBR
129,22,,2,Permissive,EBL
129,2,,2,Protected,EBT
129,21,,2,RTOR,EBR
129,62,,6,Permissive,WBL
129,6,,6,Protected,WBT
129,61,,6,RTOR,WBR
129,3,,3,Protected,NBL
129,8,,8,Protected,NBT
129,81,,8,RTOR,NBR
129,42,,4,Permissive,SBL
129,4,,4,Protected,SBT
129,41,,4,RTOR,SBR
130,7,,7,Protected,EBL
130,4,,4,Protected,EBT
130,41,,4,RTOR,EBR
130,3,,3,Protected,WBL
130,8,,8,Protected,WBT
130,81,,8,RTOR,WBR
130,5,,5,Protected,NBL
130,2,,2,Protected,NBT
130,21,,2,RTOR,NBR
130,1,,1,Protected,SBL
130,6,,6,Protected,SBT
130,61,,6,RTOR,SBR
131,42,,4,Permissive,EBL
131,4,,4,Protected,EBT
131,41,,4,RTOR,EBR
131,82,,8,Permissive,WBL
131,8,,8,Protected,WBT
131,81,,8,RTOR,WBR
131,5,,5,Protected,NBL
131,2,,2,Protected,NBT
131,21,,2,RTOR,NBR
131,62,,6,Permissive,SBL
131,6,,6,Protected,SBT
131,61,,6,RTOR,SBR
132,42,,4,Permissive,EBL
132,4,,4,Protected,EBT
132,41,,4,RTOR,EBR
132,82,,8,Permissive,WBL
132,8,,8,Protected,WBT
132,81,,8,RTOR,WBR
132,5,,5,Protected,NBL
132,2,,2,Protected,NBT
132,21,,2,RTOR,NBR
132,62,,6,Permissive,SBL
132,6,,6,Protected,SBT
132,61,,6,RTOR,SBR
135,22,,2,Permissive,EBL
135,2,,2,Protected,EBT
135,21,,2,RTOR,EBR
135,62,,6,Permissive,WBL
135,6,,6,Protected,WBT
135,61,,6,RTOR,WBR
135,4,,4,Permissive,SBL
135,4,,4,Protected,SBT
135,41,,4,RTOR,SBR
138,42,,4,Permissive,EBL
138,4,,4,Protected,EBT
138,41,,4,RTOR,EBR
138,82,,8,Permissive,WBL
138,8,,8,Protected,WBT
138,81,,8,RTOR,WBR
138,5,,5,Protected,NBL
138,2,,2,Protected,NBT
138,21,,2,RTOR,NBR
138,62,,6,Permissive,SBL
138,6,,6,Protected,SBT
138,61,,6,RTOR,SBR
139,42,,4,Permissive,EBL
139,4,,4,Protected,EBT
139,41,,4,RTOR,EBR
139,82,,8,Permissive,WBL
139,8,,8,Protected,WBT
139,81,,8,RTOR,WBR
139,5,,5,Protected,NBL
139,2,,2,Protected,NBT
139,21,,2,RTOR,NBR
139,62,,6,Permissive,SBL
139,6,,6,Protected,SBT
139,61,,6,RTOR,SBR
140,8,,8,Permissive,WBL
140,8,,8,Protected,WBT
140,81,,8,RTOR,WBR
140,22,,2,Protected,NBL
140,2,,2,Protected,NBT
140,21,,2,RTOR,NBR
140,62,,6,Permissive,SBL
140,6,,6,Protected,SBT
140,61,,6,RTOR,SBR
141,6,,6,Permissive,WBL
141,6,,6,Protected,WBT
141,61,,6,RTOR,WBR
141,3,,3,Protected,NBL
141,8,,8,Protected,NBT
141,81,,8,RTOR,NBR
141,42,,4,Permissive,SBL
141,4,,4,Protected,SBT
141,41,,4,RTOR,SBR
142,8,,8,Permissive,WBL
142,8,,8,Protected,WBT
142,81,,8,RTOR,WBR
142,5,,5,Protected,NBL
142,2,,2,Protected,NBT
142,21,,2,RTOR,NBR
142,62,,6,Permissive,SBL
142,6,,6,Protected,SBT
142,61,,6,RTOR,SBR
144,8,,8,Permissive,WBL
144,8,,8,Protected,WBT
144,81,,8,RTOR,WBR
144,5,,5,Protected,NBL
144,2,,2,Protected,NBT
144,21,,2,RTOR,NBR
144,62,,6,Permissive,SBL
144,6,,6,Protected,SBT
144,61,,6,RTOR,SBR
147,42,,4,Permissive,EBL
147,4,,4,Protected,EBT
147,41,,4,RTOR,EBR
147,82,,8,Permissive,WBL
147,8,,8,Protected,WBT
147,81,,8,RTOR,WBR
147,5,,5,Protected,NBL
147,2,,2,Protected,NBT
147,21,,2,RTOR,NBR
147,62,,6,Permissive,SBL
147,6,,6,Protected,SBT
147,61,,6,RTOR,SBR
149,42,,4,Permissive,EBL
149,4,,4,Protected,EBT
149,41,,4,RTOR,EBR
149,82,,8,Permissive,WBL
149,8,,8,Protected,WBT
149,81,,8,RTOR,WBR
149,5,,5,Protected,NBL
149,2,,2,Protected,NBT
149,21,,2,RTOR,NBR
149,62,,6,Permissive,SBL
149,6,,6,Protected,SBT
149,61,,6,RTOR,SBR
150,42,,4,Permissive,EBL
150,4,,4,Protected,EBT
150,41,,4,RTOR,EBR
150,82,,8,Permissive,WBL
150,8,,8,Protected,WBT
150,81,,8,RTOR,WBR
150,5,,5,Protected,NBL
150,2,,2,Protected,NBT
150,21,,2,RTOR,NBR
150,62,,6,Permissive,SBL
150,6,,6,Protected,SBT
150,61,,6,RTOR,SBR
152,22,,2,Permissive,EBL
152,2,,2,Protected,EBT
152,21,,2,RTOR,EBR
152,62,,6,Permissive,WBL
152,6,,6,Protected,WBT
152,61,,6,RTOR,WBR
152,4,,4,Permissive,SBL
152,4,,4,Protected,SBT
152,41,,4,RTOR,SBR
153,5,,5,Protected,EBL
153,2,,2,Protected,EBT
153,21,,2,RTOR,EBR
153,1,,1,Protected,WBL
153,6,,6,Protected,WBT
153,61,,6,RTOR,WBR
153,82,,8,Permissive,NBL
153,8,,8,Protected,NBT
153,81,,8,RTOR,NBR
153,42,,4,Permissive,SBL
153,4,,4,Protected,SBT
153,41,,4,RTOR,SBR
154,5,,5,Protected/Permissive,EBL
154,2,,2,Protected,EBT
154,21,,2,RTOR,EBR
154,62,,6,Protected/Permissive,WBL
154,6,,6,Protected,WBT
154,61,,6,RTOR,WBR
154,4,,4,Permissive,SBL
154,4,,4,Protected,SBT
154,41,,4,RTOR,SBR
155,22,,2,Permissive,EBL
155,2,,2,Protected,EBT
155,21,,2,RTOR,EBR
155,62,,6,Permissive,WBL
155,6,,6,Protected,WBT
155,61,,6,RTOR,WBR
155,4,,4,Permissive,SBL
155,4,,4,Protected,SBT
155,41,,4,RTOR,SBR
156,5,,5,Protected,EBL
156,2,,2,Protected,EBT
156,21,,2,RTOR,EBR
156,1,,1,Protected/Permissive,WBL
156,6,,6,Protected,WBT
156,61,,6,RTOR,WBR
156,3,,3,Protected,NBL
156,8,,8,Protected,NBT
156,81,,8,RTOR,NBR
156,7,,7,Protected,SBL
156,4,,4,Protected,SBT
156,41,,4,RTOR,SBR
157,22,,2,Permissive,EBL
157,2,,2,Protected,EBT
157,21,,2,RTOR,EBR
157,62,,6,Permissive,WBL
157,6,,6,Protected,WBT
157,61,,6,RTOR,WBR
157,3,,3,Protected,NBL
157,8,,8,Protected,NBT
157,81,,8,RTOR,NBR
157,42,,4,Permissive,SBL
157,4,,4,Protected,SBT
157,41,,4,RTOR,SBR
159,5,,5,Protected/Permissive,EBL
159,2,,2,Protected,EBT
159,21,,2,RTOR,EBR
159,1,,1,Protected/Permissive,WBL
159,6,,6,Protected,WBT
159,61,,6,RTOR,WBR
159,3,,3,Protected,NBL
159,8,,8,Protected,NBT
159,81,,8,RTOR,NBR
159,42,,4,Permissive,SBL
159,4,,4,Protected,SBT
159,41,,4,RTOR,SBR
160,5,,5,Protected/Permissive,EBL
160,2,,2,Protected,EBT
160,21,,2,RTOR,EBR
160,1,,1,Protected,WBL
160,6,,6,Protected,WBT
160,61,,6,RTOR,WBR
160,3,,3,Protected,NBL
160,8,,8,Protected,NBT
160,81,,8,RTOR,NBR
160,42,,4,Permissive,SBL
160,4,,4,Protected,SBT
160,41,,4,RTOR,SBR
162,5,,5,Protected,EBL
162,2,,2,Protected,EBT
162,21,,2,RTOR,EBR
162,1,,1,Protected/Permissive,WBL
162,6,,6,Protected,WBT
162,61,,6,RTOR,WBR
162,3,,3,Protected,NBL
162,8,,8,Protected,NBT
162,81,,8,RTOR,NBR
162,42,,4,Permissive,SBL
162,4,,4,Protected,SBT
162,41,,4,RTOR,SBR
163,42,,4,Permissive,EBL
163,4,,4,Protected,EBT
163,41,,4,RTOR,EBR
163,82,,8,Permissive,WBL
163,8,,8,Protected,WBT
163,81,,8,RTOR,WBR
163,5,,5,Protected,NBL
163,2,,2,Protected,NBT
163,21,,2,RTOR,NBR
163,62,,6,Permissive,SBL
163,6,,6,Protected,SBT
163,61,,6,RTOR,SBR
165,7,,7,Protected,EBL
165,4,,4,Protected,EBT
165,41,,4,RTOR,EBR
165,3,,3,Protected,WBL
165,8,,8,Protected,WBT
165,81,,8,RTOR,WBR
165,5,,5,Protected,NBL
165,2,,2,Protected,NBT
165,21,,2,RTOR,NBR
165,1,,1,Protected,SBL
165,6,,6,Protected,SBT
165,61,,6,RTOR,SBR
166,22,,2,Permissive,EBL
166,2,,2,Protected,EBT
166,21,,2,RTOR,EBR
166,62,,6,Permissive,WBL
166,6,,6,Protected,WBT
166,61,,6,RTOR,WBR
166,3,,3,Protected,NBL
166,8,,8,Protected,NBT
166,81,,8,RTOR,NBR
166,42,,4,Permissive,SBL
166,4,,4,Protected,SBT
166,41,,4,RTOR,SBR
168,7,,7,Protected/Permissive,EBL
168,4,,4,Protected,EBT
168,41,,4,RTOR,EBR
168,3,,3,Protected,WBL
168,8,,8,Protected,WBT
168,81,,8,RTOR,WBR
168,5,,5,Protected,NBL
168,2,,2,Protected,NBT
168,21,,2,RTOR,NBR
168,1,,1,Protected,SBL
168,6,,6,Protected,SBT
168,61,,6,RTOR,SBR
170,22,,2,Permissive,EBL
170,2,,2,Protected,EBT
170,21,,2,RTOR,EBR
170,62,,6,Permissive,WBL
170,6,,6,Protected,WBT
170,61,,6,RTOR,WBR
170,3,,3,Protected,NBL
170,8,,8,Protected,NBT
170,81,,8,RTOR,NBR
170,42,,4,Permissive,SBL
170,4,,4,Protected,SBT
170,41,,4,RTOR,SBR
172,22,,2,Permissive,EBL
172,2,,2,Protected,EBT
172,21,,2,RTOR,EBR
172,62,,6,Permissive,WBL
172,6,,6,Protected,WBT
172,61,,6,RTOR,WBR
172,4,,4,Permissive,SBL
172,4,,4,Protected,SBT
172,41,,4,RTOR,SBR
174,42,,4,Permissive,EBL
174,4,,4,Protected,EBT
174,41,,4,RTOR,EBR
174,82,,8,Permissive,WBL
174,8,,8,Protected,WBT
174,81,,8,RTOR,WBR
174,5,,5,Protected,NBL
174,2,,2,Protected,NBT
174,21,,2,RTOR,NBR
174,62,,6,Permissive,SBL
174,6,,6,Protected,SBT
174,61,,6,RTOR,SBR
175,42,,4,Permissive,EBL
175,4,,4,Protected,EBT
175,41,,4,RTOR,EBR
175,82,,8,Permissive,WBL
175,8,,8,Protected,WBT
175,81,,8,RTOR,WBR
175,5,,5,Protected,NBL
175,2,,2,Protected,NBT
175,21,,2,RTOR,NBR
175,62,,6,Permissive,SBL
175,6,,6,Protected,SBT
175,61,,6,RTOR,SBR
177,42,,4,Permissive,EBL
177,4,,4,Protected,EBT
177,41,,4,RTOR,EBR
177,82,,8,Permissive,WBL
177,8,,8,Protected,WBT
177,81,,8,RTOR,WBR
177,5,,5,Protected,NBL
177,2,,2,Protected,NBT
177,21,,2,RTOR,NBR
177,62,,6,Permissive,SBL
177,6,,6,Protected,SBT
177,61,,6,RTOR,SBR
178,5,,5,Protected/Permissive,EBL
178,2,,2,Protected,EBT
178,21,,2,RTOR,EBR
178,1,,1,Protected/Permissive,WBL
178,6,,6,Protected,WBT
178,61,,6,RTOR,WBR
178,3,,3,Protected,NBL
178,8,,8,Protected,NBT
178,81,,8,RTOR,NBR
178,42,,4,Permissive,SBL
178,4,,4,Protected,SBT
178,41,,4,RTOR,SBR
180,7,,7,Protected/Permissive,EBL
180,4,,4,Protected,EBT
180,41,,4,RTOR,EBR
180,3,,3,Protected/Permissive,WBL
180,8,,8,Protected,WBT
180,81,,8,RTOR,WBR
180,5,,5,Protected,NBL
180,2,,2,Protected,NBT
180,21,,2,RTOR,NBR
180,1,,1,Protected/Permissive,SBL
180,6,,6,Protected,SBT
180,61,,6,RTOR,SBR
181,22,,2,Permissive,EBL
181,2,,2,Protected,EBT
181,21,,2,RTOR,EBR
181,62,,6,Permissive,WBL
181,6,,6,Protected,WBT
181,61,,6,RTOR,WBR
181,4,,4,Permissive,SBL
181,4,,4,Protected,SBT
181,41,,4,RTOR,SBR
183,7,,7,Protected/Permissive,EBL
183,4,,4,Protected,EBT
183,41,,4,RTOR,EBR
183,3,,3,Protected/Permissive,WBL
183,8,,8,Protected,WBT
183,81,,8,RTOR,WBR
183,5,,5,Protected,NBL
183,2,,2,Protected,NBT
183,21,,2,RTOR,NBR
183,1,,1,Protected/Permissive,SBL
183,6,,6,Protected,SBT
183,61,,6,RTOR,SBR
184,22,,2,Permissive,EBL
184,2,,2,Protected,EBT
184,21,,2,RTOR,EBR
184,62,,6,Permissive,WBL
184,6,,6,Protected,WBT
184,61,,6,RTOR,WBR
184,3,,3,Protected,NBL
184,8,,8,Protected,NBT
184,81,,8,RTOR,NBR
184,42,,4,Permissive,SBL
184,4,,4,Protected,SBT
184,41,,4,RTOR,SBR
186,7,,7,Protected/Permissive,EBL
186,4,,4,Protected,EBT
186,41,,4,RTOR,EBR
186,3,,3,Protected/Permissive,WBL
186,8,,8,Protected,WBT
186,81,,8,RTOR,WBR
186,5,,5,Protected,NBL
186,2,,2,Protected,NBT
186,21,,2,RTOR,NBR
186,1,,1,Protected/Permissive,SBL
186,6,,6,Protected,SBT
186,61,,6,RTOR,SBR
188,22,,2,Permissive,EBL
188,2,,2,Protected,EBT
188,21,,2,RTOR,EBR
188,62,,6,Permissive,WBL
188,6,,6,Protected,WBT
188,61,,6,RTOR,WBR
188,3,,3,Protected,NBL
188,8,,8,Protected,NBT
188,81,,8,RTOR,NBR
188,42,,4,Permissive,SBL
188,4,,4,Protected,SBT
188,41,,4,RTOR,SBR
191,5,,5,Protected,EBL
191,2,,2,Protected,EBT
191,21,,2,RTOR,EBR
191,1,,1,Protected,WBL
191,6,,6,Protected,WBT
191,61,,6,RTOR,WBR
191,3,,3,Protected,NBL
191,8,,8,Protected,NBT
191,81,,8,RTOR,NBR
191,7,,7,Protected,SBL
191,4,,4,Protected,SBT
191,41,,4,RTOR,SBR
193,42,,4,Permissive,EBL
193,4,,4,Protected,EBT
193,41,,4,RTOR,EBR
193,82,,8,Permissive,WBL
193,8,,8,Protected,WBT
193,81,,8,RTOR,WBR
193,5,,5,Protected,NBL
193,2,,2,Protected,NBT
193,21,,2,RTOR,NBR
193,62,,6,Permissive,SBL
193,6,,6,Protected,SBT
193,61,,6,RTOR,SBR
195,42,,4,Permissive,EBL
195,4,,4,Protected,EBT
195,41,,4,RTOR,EBR
195,82,,8,Permissive,WBL
195,8,,8,Protected,WBT
195,81,,8,RTOR,WBR
195,5,,5,Protected,NBL
195,2,,2,Protected,NBT
195,21,,2,RTOR,NBR
195,62,,6,Permissive,SBL
195,6,,6,Protected,SBT
195,61,,6,RTOR,SBR
196,7,,7,Protected/Permissive,EBL
196,4,,4,Protected,EBT
196,41,,4,RTOR,EBR
196,3,,3,Protected/Permissive,WBL
196,8,,8,Protected,WBT
196,81,,8,RTOR,WBR
196,5,,5,Protected,NBL
196,2,,2,Protected,NBT
196,21,,2,RTOR,NBR
196,1,,1,Protected/Permissive,SBL
196,6,,6,Protected,SBT
196,61,,6,RTOR,SBR
197,42,,4,Permissive,EBL
197,4,,4,Protected,EBT
197,41,,4,RTOR,EBR
197,82,,8,Permissive,WBL
197,8,,8,Protected,WBT
197,81,,8,RTOR,WBR
197,22,,2,Protected,NBL
197,2,,2,Protected,NBT
197,21,,2,RTOR,NBR
197,62,,6,Permissive,SBL
197,6,,6,Protected,SBT
197,61,,6,RTOR,SBR
198,42,,4,Permissive,EBL
198,4,,4,Protected,EBT
198,41,,4,RTOR,EBR
198,82,,8,Permissive,WBL
198,8,,8,Protected,WBT
198,81,,8,RTOR,WBR
198,22,,2,Protected,NBL
198,2,,2,Protected,NBT
198,21,,2,RTOR,NBR
198,62,,6,Permissive,SBL
198,6,,6,Protected,SBT
198,61,,6,RTOR,SBR
202,22,,2,Permissive,EBL
202,2,,2,Protected,EBT
202,21,,2,RTOR,EBR
202,62,,6,Permissive,WBL
202,6,,6,Protected,WBT
202,61,,6,RTOR,WBR
202,4,,4,Permissive,SBL
202,4,,4,Protected,SBT
202,41,,4,RTOR,SBR
203,5,,5,Protected/Permissive,EBL
203,2,,2,Protected,EBT
203,21,,2,RTOR,EBR
203,1,,1,Protected/Permissive,WBL
203,6,,6,Protected,WBT
203,61,,6,RTOR,WBR
203,3,,3,Protected,NBL
203,8,,8,Protected,NBT
203,81,,8,RTOR,NBR
203,42,,4,Permissive,SBL
203,4,,4,Protected,SBT
203,41,,4,RTOR,SBR
204,5,,5,Protected,EBL
204,2,,2,Protected,EBT
204,21,,2,RTOR,EBR
204,1,,1,Protected,WBL
204,6,,6,Protected,WBT
204,61,,6,RTOR,WBR
204,3,,3,Protected,NBL
204,8,,8,Protected,NBT
204,81,,8,RTOR,NBR
204,7,,7,Protected,SBL
204,4,,4,Protected,SBT
204,41,,4,RTOR,SBR
205,22,,2,Permissive,EBL
205,2,,2,Protected,EBT
205,21,,2,RTOR,EBR
205,62,,6,Permissive,WBL
205,6,,6,Protected,WBT
205,61,,6,RTOR,WBR
205,82,,8,Permissive,NBL
205,8,,8,Protected,NBT
205,81,,8,RTOR,NBR
205,42,,4,Permissive,SBL
205,4,,4,Protected,SBT
205,41,,4,RTOR,SBR
206,5,,5,Protected/Permissive,EBL
206,2,,2,Protected,EBT
206,21,,2,RTOR,EBR
206,1,,1,Protected/Permissive,WBL
206,6,,6,Protected,WBT
206,61,,6,RTOR,WBR
206,3,,3,Protected,NBL
206,8,,8,Protected,NBT
206,81,,8,RTOR,NBR
206,42,,4,Permissive,SBL
206,4,,4,Protected,SBT
206,41,,4,RTOR,SBR
208,5,,5,Protected/Permissive,EBL
208,2,,2,Protected,EBT
208,21,,2,RTOR,EBR
208,1,,1,Protected/Permissive,WBL
208,6,,6,Protected,WBT
208,61,,6,RTOR,WBR
208,3,,3,Protected,NBL
208,8,,8,Protected,NBT
208,81,,8,RTOR,NBR
208,42,,4,Permissive,SBL
208,4,,4,Protected,SBT
208,41,,4,RTOR,SBR
209,42,,4,Permissive,EBL
209,4,,4,Protected,EBT
209,41,,4,RTOR,EBR
209,82,,8,Permissive,WBL
209,8,,8,Protected,WBT
209,81,,8,RTOR,WBR
209,2,,2,Permissive,NBL
209,2,,2,Protected,NBT
209,21,,2,RTOR,NBR
209,6,,6,Permissive,SBL
209,6,,6,Protected,SBT
209,61,,6,RTOR,SBR
210,5,,5,Protected/Permissive,EBL
210,2,,2,Protected,EBT
210,21,,2,RTOR,EBR
210,1,,1,Protected/Permissive,WBL
210,6,,6,Protected,WBT
210,61,,6,RTOR,WBR
210,3,,3,Protected,NBL
210,8,,8,Protected,NBT
210,81,,8,RTOR,NBR
210,42,,4,Permissive,SBL
210,4,,4,Protected,SBT
210,41,,4,RTOR,SBR
213,22,,2,Permissive,EBL
213,2,,2,Protected,EBT
213,21,,2,RTOR,EBR
213,62,,6,Permissive,WBL
213,6,,6,Protected,WBT
213,61,,6,RTOR,WBR
213,3,,3,Protected,NBL
213,8,,8,Protected,NBT
213,81,,8,RTOR,NBR
213,42,,4,Permissive,SBL
213,4,,4,Protected,SBT
213,41,,4,RTOR,SBR
215,5,,5,Protected/Permissive,EBL
215,2,,2,Protected,EBT
215,21,,2,RTOR,EBR
215,1,,1,Protected/Permissive,WBL
215,6,,6,Protected,WBT
215,61,,6,RTOR,WBR
215,3,,3,Protected,NBL
215,8,,8,Protected,NBT
215,81,,8,RTOR,NBR
215,42,,4,Permissive,SBL
215,4,,4,Protected,SBT
215,41,,4,RTOR,SBR
216,42,,4,Permissive,EBL
216,4,,4,Protected,EBT
216,41,,4,RTOR,EBR
216,82,,8,Permissive,WBL
216,8,,8,Protected,WBT
216,81,,8,RTOR,WBR
216,5,,5,Protected,NBL
216,2,,2,Protected,NBT
216,21,,2,RTOR,NBR
216,62,,6,Permissive,SBL
216,6,,6,Protected,SBT
216,61,,6,RTOR,SBR
219,5,,5,Protected/Permissive,EBL
219,2,,2,Protected,EBT
219,21,,2,RTOR,EBR
219,1,,1,Protected/Permissive,WBL
219,6,,6,Protected,WBT
219,61,,6,RTOR,WBR
219,3,,3,Protected,NBL
219,8,,8,Protected,NBT
219,81,,8,RTOR,NBR
219,7,,7,Protected,SBL
219,4,,4,Protected,SBT
219,41,,4,RTOR,SBR
220,22,,2,Permissive,EBL
220,2,,2,Protected,EBT
220,21,,2,RTOR,EBR
220,62,,6,Permissive,WBL
220,6,,6,Protected,WBT
220,61,,6,RTOR,WBR
220,4,,4,Permissive,SBL
220,4,,4,Protected,SBT
220,41,,4,RTOR,SBR
221,42,,4,Permissive,EBL
221,4,,4,Protected,EBT
221,41,,4,RTOR,EBR
221,82,,8,Permissive,WBL
221,8,,8,Protected,WBT
221,81,,8,RTOR,WBR
221,5,,5,Protected,NBL
221,2,,2,Protected,NBT
221,21,,2,RTOR,NBR
221,1,,1,Protected/Permissive,SBL
221,6,,6,Protected,SBT
221,61,,6,RTOR,SBR
222,42,,4,Permissive,EBL
222,4,,4,Protected,EBT
222,41,,4,RTOR,EBR
222,82,,8,Permissive,WBL
222,8,,8,Protected,WBT
222,81,,8,RTOR,WBR
222,5,,5,Protected,NBL
222,2,,2,Protected,NBT
222,21,,2,RTOR,NBR
222,62,,6,Permissive,SBL
222,6,,6,Protected,SBT
222,61,,6,RTOR,SBR
224,42,,4,Permissive,EBL
224,4,,4,Protected,EBT
224,41,,4,RTOR,EBR
224,82,,8,Permissive,WBL
224,8,,8,Protected,WBT
224,81,,8,RTOR,WBR
224,5,,5,Protected,NBL
224,2,,2,Protected,NBT
224,21,,2,RTOR,NBR
224,1,,1,Protected,SBL
224,6,,6,Protected,SBT
224,61,,6,RTOR,SBR
225,42,,4,Permissive,EBL
225,4,,4,Protected,EBT
225,41,,4,RTOR,EBR
225,82,,8,Permissive,WBL
225,8,,8,Protected,WBT
225,81,,8,RTOR,WBR
225,5,,5,Protected,NBL
225,2,,2,Protected,NBT
225,21,,2,RTOR,NBR
225,62,,6,Permissive,SBL
225,6,,6,Protected,SBT
225,61,,6,RTOR,SBR
226,4,,4,Permissive,EBL
226,4,,4,Protected,EBT
226,41,,4,RTOR,EBR
226,5,,5,Protected,NBL
226,2,,2,Protected,NBT
226,21,,2,RTOR,NBR
226,62,,6,Permissive,SBL
226,6,,6,Protected,SBT
226,61,,6,RTOR,SBR
228,5,,5,Protected/Permissive,EBL
228,2,,2,Protected,EBT
228,21,,2,RTOR,EBR
228,1,,1,Protected/Permissive,WBL
228,6,,6,Protected,WBT
228,61,,6,RTOR,WBR
228,3,,3,Protected,NBL
228,8,,8,Protected,NBT
228,81,,8,RTOR,NBR
228,42,,4,Permissive,SBL
228,4,,4,Protected,SBT
228,41,,4,RTOR,SBR
229,5,,5,Protected/Permissive,EBL
229,2,,2,Protected,EBT
229,21,,2,RTOR,EBR
229,1,,1,Protected/Permissive,WBL
229,6,,6,Protected,WBT
229,61,,6,RTOR,WBR
229,3,,3,Protected,NBL
229,8,,8,Protected,NBT
229,81,,8,RTOR,NBR
229,42,,4,Permissive,SBL
229,4,,4,Protected,SBT
229,41,,4,RTOR,SBR
231,5,,5,Protected/Permissive,EBL
231,2,,2,Protected,EBT
231,21,,2,RTOR,EBR
231,1,,1,Protected/Permissive,WBL
231,6,,6,Protected,WBT
231,61,,6,RTOR,WBR
231,3,,3,Protected,NBL
231,8,,8,Protected,NBT
231,81,,8,RTOR,NBR
231,42,,4,Permissive,SBL
231,4,,4,Protected,SBT
231,41,,4,RTOR,SBR
232,5,,5,Protected/Permissive,EBL
232,2,,2,Protected,EBT
232,21,,2,RTOR,EBR
232,1,,1,Protected/Permissive,WBL
232,6,,6,Protected,WBT
232,61,,6,RTOR,WBR
232,3,,3,Protected,NBL
232,8,,8,Protected,NBT
232,81,,8,RTOR,NBR
232,7,,7,Protected/Permissive,SBL
232,4,,4,Protected,SBT
232,41,,4,RTOR,SBR
236,5,,5,Protected/Permissive,EBL
236,2,,2,Protected,EBT
236,21,,2,RTOR,EBR
236,1,,1,Protected/Permissive,WBL
236,6,,6,Protected,WBT
236,61,,6,RTOR,WBR
236,3,,3,Protected,NBL
236,8,,8,Protected,NBT
236,81,,8,RTOR,NBR
236,42,,4,Permissive,SBL
236,4,,4,Protected,SBT
236,41,,4,RTOR,SBR
240,5,,5,Protected/Permissive,EBL
240,2,,2,Protected,EBT
240,21,,2,RTOR,EBR
240,1,,1,Protected/Permissive,WBL
240,6,,6,Protected,WBT
240,61,,6,RTOR,WBR
240,3,,3,Protected,NBL
240,8,,8,Protected,NBT
240,81,,8,RTOR,NBR
240,42,,4,Permissive,SBL
240,4,,4,Protected,SBT
240,41,,4,RTOR,SBR
243,42,,4,Permissive,EBL
243,4,,4,Protected,EBT
243,41,,4,RTOR,EBR
243,82,,8,Permissive,WBL
243,8,,8,Protected,WBT
243,81,,8,RTOR,WBR
243,5,,5,Protected,NBL
243,2,,2,Protected,NBT
243,21,,2,RTOR,NBR
243,62,,6,Permissive,SBL
243,6,,6,Protected,SBT
243,61,,6,RTOR,SBR
244,5,,5,Protected/Permissive,EBL
244,2,,2,Protected,EBT
244,21,,2,RTOR,EBR
244,62,,6,Protected/Permissive,WBL
244,6,,6,Protected,WBT
244,61,,6,RTOR,WBR
244,4,,4,Permissive,SBL
244,4,,4,Protected,SBT
244,41,,4,RTOR,SBR
245,42,,4,Permissive,EBL
245,4,,4,Protected,EBT
245,41,,4,RTOR,EBR
245,82,,8,Permissive,WBL
245,8,,8,Protected,WBT
245,81,,8,RTOR,WBR
245,6,,6,Permissive,SBL
245,6,,6,Protected,SBT
245,61,,6,RTOR,SBR
246,4,,4,Permissive,EBL
246,4,,4,Protected,EBT
246,41,,4,RTOR,EBR
246,5,,5,Protected,NBL
246,2,,2,Protected,NBT
246,21,,2,RTOR,NBR
246,62,,6,Permissive,SBL
246,6,,6,Protected,SBT
246,61,,6,RTOR,SBR
247,22,,2,Permissive,EBL
247,2,,2,Protected,EBT
247,21,,2,RTOR,EBR
247,62,,6,Permissive,WBL
247,6,,6,Protected,WBT
247,61,,6,RTOR,WBR
247,8,,8,Permissive,NBL
247,8,,8,Protected,NBT
247,81,,8,RTOR,NBR
248,42,,4,Permissive,EBL
248,4,,4,Protected,EBT
248,41,,4,RTOR,EBR
248,82,,8,Permissive,WBL
248,8,,8,Protected,WBT
248,81,,8,RTOR,WBR
248,5,,5,Protected,NBL
248,2,,2,Protected,NBT
248,21,,2,RTOR,NBR
248,62,,6,Permissive,SBL
248,6,,6,Protected,SBT
248,61,,6,RTOR,SBR
249,7,,7,Protected,EBL
249,4,,4,Protected,EBT
249,41,,4,RTOR,EBR
249,82,,8,Permissive,WBL
249,8,,8,Protected,WBT
249,81,,8,RTOR,WBR
249,6,,6,Permissive,SBL
249,6,,6,Protected,SBT
249,61,,6,RTOR,SBR
250,5,,5,Protected,EBL
250,2,,2,Protected,EBT
250,21,,2,RTOR,EBR
250,62,,6,Permissive,WBL
250,6,,6,Protected,WBT
250,61,,6,RTOR,WBR
250,82,,8,Permissive,NBL
250,8,,8,Protected,NBT
250,81,,8,RTOR,NBR
250,42,,4,Permissive,SBL
250,4,,4,Protected,SBT
250,41,,4,RTOR,SBR
251,4,,4,Permissive,EBL
251,4,,4,Protected,EBT
251,41,,4,RTOR,EBR
251,5,,5,Protected,NBL
251,2,,2,Protected,NBT
251,21,,2,RTOR,NBR
251,62,,6,Permissive,SBL
251,6,,6,Protected,SBT
251,61,,6,RTOR,SBR
252,22,,2,Permissive,EBL
252,2,,2,Protected,EBT
252,21,,2,RTOR,EBR
252,62,,6,Permissive,WBL
252,6,,6,Protected,WBT
252,61,,6,RTOR,WBR
252,8,,8,Permissive,NBL
252,8,,8,Protected,NBT
252,81,,8,RTOR,NBR
253,42,,4,Permissive,EBL
253,4,,4,Protected,EBT
253,41,,4,RTOR,EBR
253,82,,8,Permissive,WBL
253,8,,8,Protected,WBT
253,81,,8,RTOR,WBR
253,5,,5,Protected,NBL
253,2,,2,Protected,NBT
253,21,,2,RTOR,NBR
253,62,,6,Permissive,SBL
253,6,,6,Protected,SBT
253,61,,6,RTOR,SBR
500,42,,4,Permissive,EBL
500,4,,4,Protected,EBT
500,41,,4,RTOR,EBR
500,82,,8,Permissive,WBL
500,8,,8,Protected,WBT
500,81,,8,RTOR,WBR
500,5,,5,Protected,NBL
500,2,,2,Protected,NBT
500,21,,2,RTOR,NBR
500,62,,6,Permissive,SBL
500,6,,6,Protected,SBT
500,61,,6,RTOR,SBR
503,42,,4,Permissive,EBL
503,4,,4,Protected,EBT
503,41,,4,RTOR,EBR
503,82,,8,Permissive,WBL
503,8,,8,Protected,WBT
503,81,,8,RTOR,WBR
503,5,,5,Protected,NBL
503,2,,2,Protected,NBT
503,21,,2,RTOR,NBR
503,62,,6,Permissive,SBL
503,6,,6,Protected,SBT
503,61,,6,RTOR,SBR
504,42,,4,Permissive,EBL
504,4,,4,Protected,EBT
504,41,,4,RTOR,EBR
504,82,,8,Permissive,WBL
504,8,,8,Protected,WBT
504,81,,8,RTOR,WBR
504,22,,2,Protected,NBL
504,2,,2,Protected,NBT
504,21,,2,RTOR,NBR
504,62,,6,Permissive,SBL
504,6,,6,Protected,SBT
504,61,,6,RTOR,SBR
505,42,,4,Permissive,EBL
505,4,,4,Protected,EBT
505,41,,4,RTOR,EBR
505,82,,8,Permissive,WBL
505,8,,8,Protected,WBT
505,81,,8,RTOR,WBR
505,5,,5,Protected,NBL
505,2,,2,Protected,NBT
505,21,,2,RTOR,NBR
505,62,,6,Permissive,SBL
505,6,,6,Protected,SBT
505,61,,6,RTOR,SBR
506,42,,4,Permissive,EBL
506,4,,4,Protected,EBT
506,41,,4,RTOR,EBR
506,82,,8,Permissive,WBL
506,8,,8,Protected,WBT
506,81,,8,RTOR,WBR
506,5,,5,Protected,NBL
506,2,,2,Protected,NBT
506,21,,2,RTOR,NBR
506,62,,6,Permissive,SBL
506,6,,6,Protected,SBT
506,61,,6,RTOR,SBR
507,42,,4,Permissive,EBL
507,4,,4,Protected,EBT
507,41,,4,RTOR,EBR
507,82,,8,Permissive,WBL
507,8,,8,Protected,WBT
507,81,,8,RTOR,WBR
507,2,,2,Permissive,NBL
507,2,,2,Protected,NBT
507,21,,2,RTOR,NBR
507,6,,6,Permissive,SBL
507,6,,6,Protected,SBT
507,61,,6,RTOR,SBR
509,42,,4,Permissive,EBL
509,4,,4,Protected,EBT
509,41,,4,RTOR,EBR
509,82,,8,Permissive,WBL
509,8,,8,Protected,WBT
509,81,,8,RTOR,WBR
509,5,,5,Protected,NBL
509,2,,2,Protected,NBT
509,21,,2,RTOR,NBR
509,62,,6,Permissive,SBL
509,6,,6,Protected,SBT
509,61,,6,RTOR,SBR
511,42,,4,Permissive,EBL
511,4,,4,Protected,EBT
511,41,,4,RTOR,EBR
511,82,,8,Permissive,WBL
511,8,,8,Protected,WBT
511,81,,8,RTOR,WBR
511,5,,5,Protected,NBL
511,2,,2,Protected,NBT
511,21,,2,RTOR,NBR
511,62,,6,Permissive,SBL
511,6,,6,Protected,SBT
511,61,,6,RTOR,SBR
512,42,,4,Permissive,EBL
512,4,,4,Protected,EBT
512,41,,4,RTOR,EBR
512,82,,8,Permissive,WBL
512,8,,8,Protected,WBT
512,81,,8,RTOR,WBR
512,5,,5,Protected,NBL
512,2,,2,Protected,NBT
512,21,,2,RTOR,NBR
512,62,,6,Permissive,SBL
512,6,,6,Protected,SBT
512,61,,6,RTOR,SBR
513,42,,4,Permissive,EBL
513,4,,4,Protected,EBT
513,41,,4,RTOR,EBR
513,82,,8,Permissive,WBL
513,8,,8,Protected,WBT
513,81,,8,RTOR,WBR
513,2,,2,Permissive,NBL
513,2,,2,Protected,NBT
513,21,,2,RTOR,NBR
513,6,,6,Permissive,SBL
513,6,,6,Protected,SBT
513,61,,6,RTOR,SBR
514,42,,4,Permissive,EBL
514,4,,4,Protected,EBT
514,41,,4,RTOR,EBR
514,82,,8,Permissive,WBL
514,8,,8,Protected,WBT
514,81,,8,RTOR,WBR
514,2,,2,Permissive,NBL
514,2,,2,Protected,NBT
514,21,,2,RTOR,NBR
514,6,,6,Permissive,SBL
514,6,,6,Protected,SBT
514,61,,6,RTOR,SBR
515,42,,4,Permissive,EBL
515,4,,4,Protected,EBT
515,41,,4,RTOR,EBR
515,82,,8,Permissive,WBL
515,8,,8,Protected,WBT
515,81,,8,RTOR,WBR
515,6,,6,Permissive,SBL
515,6,,6,Protected,SBT
515,61,,6,RTOR,SBR
516,5,,5,Protected/Permissive,EBL
516,2,,2,Protected,EBT
516,21,,2,RTOR,EBR
516,1,,1,Protected/Permissive,WBL
516,6,,6,Protected,WBT
516,61,,6,RTOR,WBR
516,3,,3,Protected,NBL
516,8,,8,Protected,NBT
516,81,,8,RTOR,NBR
516,42,,4,Permissive,SBL
516,4,,4,Protected,SBT
516,41,,4,RTOR,SBR
517,2,,2,Permissive,EBL
517,2,,2,Protected,EBT
517,21,,2,RTOR,EBR
517,3,,3,Protected,NBL
517,8,,8,Protected,NBT
517,81,,8,RTOR,NBR
517,42,,4,Permissive,SBL
517,4,,4,Protected,SBT
517,41,,4,RTOR,SBR
519,42,,4,Permissive,EBL
519,4,,4,Protected,EBT
519,41,,4,RTOR,EBR
519,82,,8,Permissive,WBL
519,8,,8,Protected,WBT
519,81,,8,RTOR,WBR
519,2,,2,Permissive,NBL
519,2,,2,Protected,NBT
519,21,,2,RTOR,NBR
519,6,,6,Permissive,SBL
519,6,,6,Protected,SBT
519,61,,6,RTOR,SBR
520,22,,2,Permissive,EBL
520,2,,2,Protected,EBT
520,21,,2,RTOR,EBR
520,62,,6,Permissive,WBL
520,6,,6,Protected,WBT
520,61,,6,RTOR,WBR
520,8,,8,Permissive,NBL
520,8,,8,Protected,NBT
520,81,,8,RTOR,NBR
520,4,,4,Permissive,SBL
520,4,,4,Protected,SBT
520,41,,4,RTOR,SBR
521,5,,5,Protected,EBL
521,2,,2,Protected,EBT
521,21,,2,RTOR,EBR
521,62,,6,Permissive,WBL
521,6,,6,Protected,WBT
521,61,,6,RTOR,WBR
521,8,,8,Permissive,NBL
521,8,,8,Protected,NBT
521,81,,8,RTOR,NBR
522,42,,4,Permissive,EBL
522,4,,4,Protected,EBT
522,41,,4,RTOR,EBR
522,82,,8,Permissive,WBL
522,8,,8,Protected,WBT
522,81,,8,RTOR,WBR
522,22,,2,Protected,NBL
522,2,,2,Protected,NBT
522,21,,2,RTOR,NBR
522,62,,6,Permissive,SBL
522,6,,6,Protected,SBT
522,61,,6,RTOR,SBR
523,42,,4,Permissive,EBL
523,4,,4,Protected,EBT
523,41,,4,RTOR,EBR
523,82,,8,Permissive,WBL
523,8,,8,Protected,WBT
523,81,,8,RTOR,WBR
523,6,,6,Permissive,SBL
523,6,,6,Protected,SBT
523,61,,6,RTOR,SBR
524,42,,4,Permissive,EBL
524,4,,4,Protected,EBT
524,41,,4,RTOR,EBR
524,82,,8,Permissive,WBL
524,8,,8,Protected,WBT
524,81,,8,RTOR,WBR
524,22,,2,Protected,NBL
524,2,,2,Protected,NBT
524,21,,2,RTOR,NBR
524,62,,6,Permissive,SBL
524,6,,6,Protected,SBT
524,61,,6,RTOR,SBR
525,42,,4,Permissive,EBL
525,4,,4,Protected,EBT
525,41,,4,RTOR,EBR
525,82,,8,Permissive,WBL
525,8,,8,Protected,WBT
525,81,,8,RTOR,WBR
525,5,,5,Protected,NBL
525,2,,2,Protected,NBT
525,21,,2,RTOR,NBR
525,1,,1,Protected,SBL
525,6,,6,Protected,SBT
525,61,,6,RTOR,SBR
526,42,,4,Permissive,EBL
526,4,,4,Protected,EBT
526,41,,4,RTOR,EBR
526,82,,8,Permissive,WBL
526,8,,8,Protected,WBT
526,81,,8,RTOR,WBR
526,5,,5,Protected,NBL
526,2,,2,Protected,NBT
526,21,,2,RTOR,NBR
526,62,,6,Permissive,SBL
526,6,,6,Protected,SBT
526,61,,6,RTOR,SBR
527,42,,4,Permissive,EBL
527,4,,4,Protected,EBT
527,41,,4,RTOR,EBR
527,82,,8,Permissive,WBL
527,8,,8,Protected,WBT
527,81,,8,RTOR,WBR
527,2,,2,Permissive,NBL
527,2,,2,Protected,NBT
527,21,,2,RTOR,NBR
528,42,,4,Permissive,EBL
528,4,,4,Protected,EBT
528,41,,4,RTOR,EBR
528,82,,8,Permissive,WBL
528,8,,8,Protected,WBT
528,81,,8,RTOR,WBR
528,5,,5,Protected,NBL
528,2,,2,Protected,NBT
528,21,,2,RTOR,NBR
528,62,,6,Permissive,SBL
528,6,,6,Protected,SBT
528,61,,6,RTOR,SBR
530,42,,4,Permissive,EBL
530,4,,4,Protected,EBT
530,41,,4,RTOR,EBR
530,82,,8,Permissive,WBL
530,8,,8,Protected,WBT
530,81,,8,RTOR,WBR
530,22,,2,Protected,NBL
530,2,,2,Protected,NBT
530,21,,2,RTOR,NBR
530,62,,6,Permissive,SBL
530,6,,6,Protected,SBT
530,61,,6,RTOR,SBR
532,22,,2,Permissive,EBL
532,2,,2,Protected,EBT
532,21,,2,RTOR,EBR
532,62,,6,Permissive,WBL
532,6,,6,Protected,WBT
532,61,,6,RTOR,WBR
532,4,,4,Permissive,SBL
532,4,,4,Protected,SBT
532,41,,4,RTOR,SBR
534,42,,4,Permissive,EBL
534,4,,4,Protected,EBT
534,41,,4,RTOR,EBR
534,82,,8,Permissive,WBL
534,8,,8,Protected,WBT
534,81,,8,RTOR,WBR
534,2,,2,Permissive,NBL
534,2,,2,Protected,NBT
534,21,,2,RTOR,NBR
534,6,,6,Permissive,SBL
534,6,,6,Protected,SBT
534,61,,6,RTOR,SBR
536,22,,2,Permissive,EBL
536,2,,2,Protected,EBT
536,21,,2,RTOR,EBR
536,62,,6,Permissive,WBL
536,6,,6,Protected,WBT
536,61,,6,RTOR,WBR
536,4,,4,Permissive,SBL
536,4,,4,Protected,SBT
536,41,,4,RTOR,SBR
537,42,,4,Permissive,EBL
537,4,,4,Protected,EBT
537,41,,4,RTOR,EBR
537,82,,8,Permissive,WBL
537,8,,8,Protected,WBT
537,81,,8,RTOR,WBR
537,2,,2,Permissive,NBL
537,2,,2,Protected,NBT
537,21,,2,RTOR,NBR
537,6,,6,Permissive,SBL
537,6,,6,Protected,SBT
537,61,,6,RTOR,SBR
744,5,,5,Protected/Permissive,EBL
744,2,,2,Protected,EBT
744,21,,2,RTOR,EBR
744,1,,1,Protected/Permissive,WBL
744,6,,6,Protected,WBT
744,61,,6,RTOR,WBR
744,3,,3,Protected,NBL
744,8,,8,Protected,NBT
744,81,,8,RTOR,NBR
744,7,,7,Protected/Permissive,SBL
744,4,,4,Protected,SBT
744,41,,4,RTOR,SBR
745,42,,4,Permissive,EBL
745,4,,4,Protected,EBT
745,41,,4,RTOR,EBR
745,3,,3,Protected,WBL
745,8,,8,Protected,WBT
745,81,,8,RTOR,WBR
745,6,,6,Permissive,SBL
745,6,,6,Protected,SBT
745,61,,6,RTOR,SBR
747,7,,7,Protected,EBL
747,4,,4,Protected,EBT
747,41,,4,RTOR,EBR
747,3,,3,Protected,WBL
747,8,,8,Protected,WBT
747,81,,8,RTOR,WBR
747,5,,5,Protected,NBL
747,2,,2,Protected,NBT
747,21,,2,RTOR,NBR
747,1,,1,Protected,SBL
747,6,,6,Protected,SBT
747,61,,6,RTOR,SBR
